josh,josh.jpeg
lexie,lexie.jpeg
jack,jack.jpeg
sarah,sarah.jpeg
tony,tony.jpeg
tom,tom.jpeg
david,david.jpeg
helen,helen.jpeg